"account_id","industry","country","signup_date","referral_source","initial_plan_tier","seats","subscriptions","approx_revenue_till_churn","lifetime_months_till_churn","had_upgrade","had_downgrade","unique_features_used","total_usage_count","sum_errors","used_beta_feature","support_tickets","avg_resolution_time","avg_satisfaction_score","escalations","churn_flag","first_churn_date","reason_code","first_refund_usd","total_refund_usd"
A-f92792,FinTech,US,"2024-07-04",ads,Pro,1,14,27402,3,1,1,32,528,31,1,2,45.00,4.00,0,1,"2024-11-03",features,0.0,0.0
A-417d2f,Cybersecurity,IN,"2023-07-04",partner,Pro,4,16,224781,17,1,0,37,722,31,1,6,43.50,4.33,0,1,"2024-12-30",budget,0.0,0.0
A-10b8da,DevTools,US,"2023-05-08",partner,Enterprise,14,6,55582,19,1,0,23,257,14,1,3,31.33,3.50,0,0,,,0.0,0.0
A-bc4d48,EdTech,US,"2024-06-12",ads,Pro,35,7,29715,6,1,0,24,321,9,1,6,41.17,4.20,1,0,,,0.0,0.0
A-69b156,EdTech,US,"2023-11-21",other,Pro,7,9,105295,13,0,1,24,360,20,1,7,32.00,4.00,0,0,,,0.0,0.0
A-7df7a7,DevTools,US,"2023-01-28",organic,Basic,7,15,174002,17,0,1,36,922,47,1,3,28.00,4.00,1,1,"2024-07-10",budget,0.0,0.0
A-0f6450,FinTech,US,"2024-12-27",other,Pro,28,11,0,0,0,0,31,539,39,1,8,29.75,3.83,1,1,"2024-12-29",competitor,0.0,0.0
A-8b0451,FinTech,UK,"2024-09-16",event,Enterprise,41,10,17047,3,0,0,32,606,45,1,7,26.57,3.50,0,1,"2024-12-29",budget,0.0,0.0
A-560d27,DevTools,US,"2024-05-05",organic,Pro,23,12,196167,7,1,0,27,587,38,1,4,30.75,3.67,0,0,,,0.0,0.0
A-d4e0d4,FinTech,US,"2024-10-18",other,Basic,117,10,140283,2,1,1,30,488,33,1,4,39.25,4.00,0,0,,,0.0,0.0
A-9779ad,Cybersecurity,AU,"2024-03-29",event,Pro,40,10,172920,0,0,0,29,413,25,1,3,20.67,5.00,0,1,"2024-04-17",unknown,0.0,0.0
A-d535f6,DevTools,US,"2024-09-03",organic,Basic,12,9,1614,1,1,1,26,477,29,1,0,,,0,1,"2024-10-05",unknown,0.0,0.0
A-69fad4,FinTech,UK,"2023-04-06",ads,Basic,6,7,47209,14,0,0,24,412,24,1,4,43.00,3.67,0,1,"2024-06-17",support,0.0,0.0
A-c7ffc2,Cybersecurity,US,"2023-01-27",partner,Pro,30,12,380130,2,1,0,30,640,28,1,2,64.00,3.00,0,1,"2023-04-15",budget,0.0,174.92
A-fce879,EdTech,UK,"2024-09-24",partner,Pro,10,5,11542,0,0,1,25,299,14,1,2,28.00,4.00,0,1,"2024-10-07",support,0.0,0.0
A-c222ab,Cybersecurity,US,"2024-05-10",other,Pro,32,7,34080,1,1,0,27,435,33,1,4,39.00,5.00,0,1,"2024-06-10",features,27.62,32.14
A-310452,DevTools,FR,"2024-12-25",other,Enterprise,9,5,0,0,0,0,20,268,16,1,5,34.20,3.60,0,1,"2024-12-25",budget,0.0,0.0
A-378b99,EdTech,UK,"2024-09-01",ads,Pro,8,12,8693,1,1,1,33,565,38,1,6,28.50,4.50,0,1,"2024-10-12",pricing,0.0,0.0
A-bbc346,FinTech,US,"2024-08-29",partner,Enterprise,19,13,17814,2,1,1,34,650,37,1,3,45.33,4.50,0,1,"2024-10-31",competitor,0.0,15.46
A-158f4e,FinTech,IN,"2023-03-03",other,Enterprise,61,12,337086,0,0,0,32,453,29,1,5,27.60,4.33,0,1,"2023-03-05",budget,0.0,0.0
A-f25509,EdTech,US,"2024-03-22",other,Enterprise,32,5,81022,1,0,1,17,229,15,1,6,42.67,4.67,0,1,"2024-05-17",features,0.0,0.0
A-019782,DevTools,FR,"2023-04-19",event,Enterprise,11,9,85993,20,1,0,28,562,30,1,2,10.00,3.00,0,0,,,0.0,0.0
A-ce66f8,EdTech,CA,"2023-08-23",event,Pro,29,6,67555,16,0,0,29,494,19,1,6,41.67,3.50,0,0,,,0.0,0.0
A-798a3f,DevTools,FR,"2023-10-19",other,Enterprise,12,9,49135,9,1,0,19,352,19,1,5,33.00,4.00,0,1,"2024-07-19",support,0.0,0.0
A-016043,EdTech,CA,"2024-07-31",organic,Basic,4,11,25884,0,1,0,26,490,21,1,3,30.33,4.00,0,1,"2024-08-11",competitor,84.75,84.75
A-089363,FinTech,AU,"2023-05-06",event,Basic,2,14,62146,6,1,0,30,628,33,1,3,35.00,3.67,0,1,"2023-11-27",pricing,0.0,0.0
A-54ecc2,Cybersecurity,US,"2023-06-11",partner,Enterprise,4,11,65500,15,0,1,28,607,39,1,5,37.40,5.00,0,1,"2024-09-12",unknown,0.0,0.0
A-84ebe4,FinTech,US,"2023-03-12",ads,Pro,18,11,117192,9,0,0,27,396,26,1,4,29.50,4.00,0,1,"2024-01-05",budget,0.0,0.0
A-eb7c38,DevTools,AU,"2024-02-25",organic,Enterprise,5,15,200168,0,1,1,33,693,27,1,5,22.40,4.33,0,1,"2024-03-22",budget,6.26,6.26
A-82d8a6,Cybersecurity,UK,"2024-11-28",ads,Basic,5,17,0,1,1,1,32,661,38,1,5,42.20,3.50,0,1,"2024-12-29",features,0.0,0.0
A-8ae05d,FinTech,IN,"2024-04-06",other,Enterprise,86,7,22016,4,0,0,16,203,10,1,1,47.00,4.00,0,1,"2024-08-30",unknown,0.0,0.0
A-970c97,HealthTech,DE,"2024-03-01",other,Enterprise,14,8,83545,9,0,1,26,444,24,1,1,61.00,5.00,0,0,,,0.0,0.0
A-65aeb5,DevTools,US,"2024-01-25",partner,Pro,9,12,187174,1,0,1,30,533,40,1,2,42.50,5.00,0,1,"2024-02-27",pricing,0.0,0.0
A-96e141,DevTools,UK,"2023-08-12",partner,Basic,14,7,59926,11,0,0,26,346,19,1,5,32.80,4.33,0,1,"2024-07-22",budget,43.53,43.53
A-bbe56f,HealthTech,US,"2023-02-16",ads,Enterprise,21,5,81917,22,1,0,13,232,8,1,4,26.25,4.00,0,0,,,0.0,0.0
A-432483,Cybersecurity,US,"2023-02-06",ads,Pro,4,9,278314,22,1,0,25,451,28,1,1,51.00,,0,0,,,0.0,0.0
A-832ec2,FinTech,UK,"2023-11-19",event,Enterprise,4,8,49408,1,1,0,31,511,25,1,3,26.00,4.00,1,1,"2023-12-19",unknown,0.0,0.0
A-e60f9d,FinTech,US,"2024-08-26",other,Basic,29,15,59297,4,0,1,30,629,24,1,2,70.50,,0,0,,,0.0,0.0
A-8ae3fc,DevTools,CA,"2024-06-28",ads,Pro,9,8,7005,1,0,0,26,402,30,1,4,39.50,3.50,0,1,"2024-08-10",budget,0.0,0.0
A-34d880,Cybersecurity,AU,"2024-04-11",ads,Enterprise,4,9,120404,8,0,0,29,474,40,1,5,52.20,3.00,0,1,"2024-12-20",unknown,10.4,10.4
A-2446e3,EdTech,IN,"2024-01-10",organic,Pro,27,7,49599,6,1,1,28,496,32,1,3,28.67,4.00,0,1,"2024-07-20",competitor,34.87,81.93
A-7c6b6b,FinTech,US,"2024-11-30",other,Basic,6,7,0,0,0,0,22,311,24,1,5,52.20,4.33,0,1,"2024-12-09",budget,0.0,0.0
A-9289f6,EdTech,US,"2023-05-31",event,Enterprise,1,12,77019,2,1,0,33,642,38,1,6,37.50,4.33,0,1,"2023-08-24",support,17.93,17.93
A-f17767,DevTools,US,"2023-01-30",event,Enterprise,1,14,161276,3,1,1,35,713,38,1,3,36.33,4.00,1,1,"2023-05-03",pricing,0.0,0.0
A-524364,DevTools,FR,"2024-12-31",partner,Enterprise,3,6,0,0,0,0,18,237,24,1,3,47.67,4.33,0,0,,,0.0,0.0
A-96bbc6,Cybersecurity,US,"2024-05-07",organic,Enterprise,39,8,17052,1,1,1,30,482,25,1,3,51.33,3.33,0,1,"2024-06-24",competitor,0.0,125.6
A-0f7d77,FinTech,IN,"2024-10-28",partner,Pro,3,6,653,0,0,0,23,298,19,1,5,27.20,5.00,0,1,"2024-11-09",competitor,0.0,0.0
A-342303,EdTech,US,"2024-03-16",other,Pro,1,3,9121,0,0,0,12,141,5,1,3,29.33,4.50,0,1,"2024-03-20",features,0.0,0.0
A-2ebb4b,HealthTech,US,"2023-05-15",ads,Basic,41,10,288510,2,1,0,27,488,33,1,2,43.50,3.00,0,1,"2023-08-04",pricing,0.0,0.0
A-0a282f,DevTools,US,"2024-08-27",organic,Basic,1,15,17187,1,1,1,34,821,48,1,3,43.67,4.67,0,1,"2024-10-06",features,0.0,62.66
A-6e7827,DevTools,US,"2023-03-26",other,Basic,1,9,33676,5,1,0,24,419,31,1,2,51.00,3.50,0,1,"2023-09-19",support,0.0,0.0
A-4bfa33,Cybersecurity,US,"2024-12-07",event,Basic,8,7,0,0,0,0,23,329,17,1,4,16.50,3.67,0,1,"2024-12-08",unknown,0.0,99.76
A-cc1d8d,FinTech,US,"2024-12-08",other,Pro,5,13,0,0,1,1,33,618,48,1,5,30.20,4.50,0,1,"2024-12-17",features,0.0,217.22
A-716841,FinTech,US,"2024-05-06",other,Pro,45,8,40539,6,0,0,26,344,13,1,5,29.80,4.00,0,1,"2024-11-13",unknown,0.0,0.0
A-0aaf6e,FinTech,US,"2024-05-11",organic,Enterprise,3,9,12835,7,0,0,25,599,39,1,5,45.00,4.00,0,0,,,0.0,0.0
A-1b7577,Cybersecurity,US,"2024-10-27",other,Pro,4,11,6358,2,0,1,33,647,33,1,5,27.20,4.00,0,0,,,0.0,0.0
A-bece89,Cybersecurity,IN,"2023-12-01",event,Pro,26,6,161588,0,1,0,16,176,13,1,4,32.50,4.00,1,1,"2023-12-16",budget,56.15,109.76
A-1f0ac7,HealthTech,UK,"2023-08-27",other,Basic,24,7,60986,14,1,0,26,382,21,1,2,29.00,,0,1,"2024-11-08",support,0.0,0.0
A-a1bbb6,DevTools,CA,"2023-04-05",organic,Basic,1,8,243584,20,0,0,23,366,20,1,3,17.67,4.00,0,0,,,0.0,0.0
A-db5e9e,DevTools,US,"2024-11-09",partner,Basic,4,8,969,1,0,1,29,586,27,1,2,66.00,5.00,0,1,"2024-12-29",pricing,0.0,0.0
A-427b69,FinTech,US,"2024-08-23",other,Basic,17,10,27433,4,0,0,32,698,36,1,2,31.50,3.00,0,0,,,0.0,0.0
A-0651a4,HealthTech,FR,"2024-10-16",organic,Pro,16,15,4085,1,0,0,34,705,37,1,4,29.25,4.00,0,1,"2024-11-22",features,0.0,0.0
A-50bb9f,Cybersecurity,US,"2024-07-12",organic,Pro,2,8,16395,1,1,0,18,276,15,1,7,33.29,4.00,0,1,"2024-09-08",unknown,0.0,0.0
A-f45426,HealthTech,US,"2024-08-05",organic,Basic,9,11,21625,0,0,1,33,624,49,1,3,17.00,4.00,0,1,"2024-08-05",competitor,47.17,47.17
A-039727,EdTech,AU,"2024-11-02",organic,Pro,25,15,12125,1,1,1,33,768,32,1,0,,,0,1,"2024-12-22",pricing,46.49,46.49
A-9ee962,HealthTech,US,"2023-02-28",ads,Basic,9,9,61727,19,1,1,25,439,17,1,3,37.00,4.00,0,1,"2024-10-03",support,0.0,0.0
A-5c9849,EdTech,IN,"2024-11-03",partner,Basic,19,9,12338,0,1,0,30,473,23,1,4,59.50,,1,1,"2024-11-13",unknown,0.0,0.0
A-e51ec7,FinTech,CA,"2023-09-23",partner,Enterprise,2,8,42565,3,1,1,26,417,18,1,3,37.00,5.00,0,1,"2024-01-15",budget,0.0,0.0
A-ae052e,FinTech,CA,"2023-09-11",other,Basic,39,6,28714,0,1,1,24,300,12,1,4,31.25,4.00,0,1,"2023-10-07",support,0.0,0.0
A-f3ff05,FinTech,IN,"2024-07-06",other,Enterprise,2,13,8445,3,1,0,28,672,36,1,3,42.67,3.50,0,1,"2024-10-20",unknown,0.0,0.0
A-13466a,DevTools,AU,"2023-10-22",event,Basic,2,6,113147,0,0,0,17,205,14,1,3,32.33,4.33,1,1,"2023-11-18",support,0.0,6.51
A-ac14bb,FinTech,US,"2023-09-08",partner,Enterprise,21,8,191131,11,1,0,31,531,42,1,2,24.50,4.00,0,1,"2024-08-29",pricing,128.79,128.79
A-bcf87c,FinTech,US,"2024-06-27",event,Pro,10,11,23503,6,0,1,26,503,19,1,2,63.00,4.00,0,0,,,0.0,0.0
A-3ce5b8,FinTech,IN,"2023-09-07",ads,Basic,8,9,115162,12,0,0,29,509,29,1,10,42.50,3.71,0,1,"2024-09-18",features,261.49,261.49
A-09316c,FinTech,AU,"2024-09-11",organic,Enterprise,70,11,58380,2,1,0,28,566,31,1,4,54.75,3.75,1,1,"2024-12-05",unknown,0.0,0.0
A-9c18c4,HealthTech,US,"2023-07-27",ads,Pro,11,10,147045,17,1,0,30,556,37,1,4,42.25,4.00,0,0,,,0.0,0.0
A-533452,DevTools,AU,"2024-11-12",organic,Pro,9,11,17273,0,1,1,32,595,44,1,4,32.75,4.00,0,1,"2024-11-17",features,0.0,147.55
A-271f46,DevTools,US,"2023-02-09",event,Pro,38,8,95300,0,0,0,25,373,16,1,1,36.00,,0,1,"2023-03-04",support,0.0,0.0
A-ffc04f,EdTech,US,"2024-06-06",ads,Pro,13,15,29398,1,0,1,37,857,64,1,7,17.71,4.50,1,1,"2024-08-03",unknown,0.0,0.0
A-d27f50,Cybersecurity,UK,"2024-07-20",ads,Enterprise,44,12,55692,5,1,0,29,481,31,1,4,37.50,3.75,0,0,,,0.0,0.0
A-37f969,HealthTech,IN,"2023-10-14",partner,Enterprise,30,8,75657,3,1,0,25,312,14,1,5,22.20,3.67,1,1,"2024-02-12",pricing,0.0,146.86
A-c16cf7,EdTech,US,"2024-10-16",event,Pro,13,10,2587,0,0,0,33,577,26,1,3,48.33,3.50,0,1,"2024-11-08",budget,0.0,0.0
A-5b4ebb,Cybersecurity,UK,"2024-07-10",other,Basic,21,13,44955,5,1,0,34,692,25,1,5,35.40,4.75,0,0,,,0.0,0.0
A-a6d261,FinTech,CA,"2023-11-29",other,Pro,9,14,208582,3,1,0,36,627,29,1,4,40.00,4.67,1,1,"2024-03-10",unknown,99.94,99.94
A-91e948,EdTech,AU,"2023-01-29",partner,Basic,41,7,123000,23,1,0,23,404,16,0,0,,,0,0,,,0.0,0.0
A-6c093d,DevTools,US,"2023-04-14",partner,Basic,7,12,97890,20,1,0,30,670,30,1,3,40.33,5.00,1,0,,,0.0,0.0
A-712426,HealthTech,US,"2024-11-10",other,Enterprise,9,15,2673,0,1,0,32,696,31,1,6,37.33,4.40,0,1,"2024-11-21",pricing,0.0,0.0
A-39b19f,FinTech,US,"2023-02-03",partner,Enterprise,1,11,197109,1,1,1,30,530,37,1,6,47.83,4.25,1,1,"2023-03-11",unknown,0.0,0.0
A-712f1c,DevTools,US,"2023-12-16",ads,Basic,17,12,235440,10,1,0,32,631,34,1,6,41.67,4.00,0,1,"2024-10-24",budget,68.99,68.99
A-40de06,Cybersecurity,US,"2023-05-08",event,Enterprise,28,16,297036,19,1,1,37,902,43,1,3,40.33,4.00,0,0,,,0.0,0.0
A-712533,EdTech,US,"2023-07-31",organic,Pro,18,12,48832,11,1,0,32,571,35,1,5,37.40,3.75,0,1,"2024-07-18",unknown,0.0,0.0
A-b7ef83,Cybersecurity,UK,"2024-05-29",partner,Pro,1,15,90397,0,1,0,34,738,39,1,2,47.50,4.00,0,1,"2024-06-01",unknown,0.0,60.25
A-72799b,DevTools,FR,"2023-11-13",event,Enterprise,20,10,72158,5,1,1,31,550,34,1,2,33.50,4.50,1,1,"2024-05-05",pricing,0.0,0.0
A-8145a0,Cybersecurity,AU,"2023-04-25",partner,Basic,2,12,190394,2,1,0,32,693,27,1,6,23.67,4.00,0,1,"2023-07-12",features,0.0,0.0
A-cbbe12,Cybersecurity,DE,"2023-03-22",partner,Enterprise,40,6,47286,21,1,1,14,178,10,0,6,38.00,4.25,0,0,,,0.0,0.0
A-c1dfe1,DevTools,DE,"2023-08-07",ads,Pro,26,8,170311,1,1,1,24,375,30,1,3,50.33,4.00,0,1,"2023-09-21",pricing,0.0,0.0
A-443f6f,Cybersecurity,US,"2024-12-07",organic,Basic,19,9,0,0,1,0,31,527,28,1,4,28.00,4.67,0,0,,,0.0,0.0
A-d40bf7,FinTech,IN,"2024-11-08",organic,Basic,59,10,24603,1,1,0,29,562,22,1,2,20.50,5.00,0,0,,,0.0,0.0
A-a45270,HealthTech,US,"2024-06-24",ads,Enterprise,3,12,48014,4,1,1,35,733,53,1,4,64.00,4.00,0,1,"2024-11-12",pricing,0.0,0.0
A-7920cc,Cybersecurity,FR,"2023-11-23",ads,Pro,39,16,279156,13,1,0,32,601,28,1,7,32.86,4.33,0,0,,,0.0,0.0
A-296d7c,DevTools,DE,"2023-11-08",other,Enterprise,2,7,5604,11,0,0,21,357,18,1,5,50.40,3.75,0,1,"2024-11-04",budget,0.0,0.0
A-756192,FinTech,IN,"2023-06-11",other,Basic,19,10,114321,18,1,0,32,617,43,1,3,37.33,4.00,0,0,,,0.0,0.0
A-ff3c73,HealthTech,AU,"2023-01-26",other,Pro,21,9,24819,10,1,0,29,408,23,1,2,35.50,3.50,0,1,"2023-12-09",competitor,0.0,2.42
A-956988,EdTech,UK,"2024-11-30",ads,Enterprise,1,13,0,0,0,1,32,658,49,1,2,50.50,3.00,0,1,"2024-12-08",budget,0.0,0.0
A-eb1312,FinTech,US,"2024-09-16",partner,Pro,25,12,10323,0,1,0,31,663,38,1,1,68.00,5.00,0,1,"2024-09-28",unknown,0.0,0.0
A-fa2041,HealthTech,US,"2024-05-29",organic,Pro,15,12,59624,1,0,0,34,552,34,1,1,16.00,3.00,0,1,"2024-07-13",competitor,0.0,0.0
A-55f257,FinTech,US,"2023-12-21",organic,Basic,9,10,95483,12,1,0,31,476,25,1,6,43.17,5.00,0,0,,,0.0,0.0
A-39868b,FinTech,AU,"2024-03-17",partner,Pro,9,5,12654,1,1,0,22,305,21,1,6,39.00,4.25,0,1,"2024-05-06",unknown,0.0,0.0
A-5790f4,FinTech,UK,"2024-12-22",event,Pro,1,6,0,0,0,0,25,321,26,1,4,44.00,4.00,1,1,"2024-12-25",features,392.92,444.1
A-aa9511,DevTools,US,"2023-10-10",other,Pro,23,15,422258,0,0,1,33,625,35,1,2,56.50,4.00,0,1,"2023-10-17",competitor,0.0,0.0
A-42b791,FinTech,AU,"2024-05-20",event,Pro,3,7,40024,7,0,0,19,312,6,1,3,33.67,4.00,0,0,,,0.0,0.0
A-32728c,DevTools,US,"2023-01-03",event,Pro,20,8,67374,0,1,0,26,418,22,1,2,34.50,3.50,0,1,"2023-01-25",pricing,0.0,7.58
A-328bd0,HealthTech,AU,"2023-05-16",partner,Enterprise,18,13,133930,19,1,1,30,568,49,1,5,46.00,3.67,0,0,,,0.0,0.0
A-22f2df,DevTools,US,"2024-12-14",ads,Basic,3,9,0,0,1,1,25,429,17,1,5,44.80,5.00,0,0,,,0.0,0.0
A-bb2f49,Cybersecurity,US,"2023-05-28",other,Pro,8,11,275374,19,1,1,31,618,42,1,3,22.33,4.00,0,0,,,0.0,0.0
A-19b2c8,DevTools,IN,"2023-06-06",other,Pro,20,13,145233,14,1,0,31,601,34,1,3,29.33,4.67,0,1,"2024-08-16",pricing,0.0,0.0
A-d26ab4,DevTools,UK,"2024-11-07",organic,Basic,9,9,5582,1,0,1,24,458,24,1,2,49.50,4.00,0,1,"2024-12-26",pricing,86.02,86.02
A-8b25f2,Cybersecurity,US,"2024-02-17",ads,Pro,6,13,39555,10,1,1,29,565,20,1,2,35.50,4.00,0,0,,,0.0,0.0
A-bad8c1,FinTech,AU,"2023-03-01",organic,Basic,7,7,44064,7,1,0,29,385,11,1,1,27.00,4.00,0,1,"2023-10-04",unknown,0.0,0.0
A-1b9609,EdTech,IN,"2023-10-12",ads,Enterprise,4,11,93324,2,0,0,28,457,21,1,4,43.00,3.00,0,1,"2024-01-02",unknown,0.0,0.0
A-1ac5e0,DevTools,US,"2024-10-20",event,Basic,33,10,18876,2,0,0,31,558,31,1,7,40.43,3.80,0,0,,,0.0,0.0
A-f6b2fb,DevTools,AU,"2024-04-23",event,Basic,23,10,63674,2,1,1,29,524,37,1,5,55.00,4.00,1,1,"2024-07-11",support,0.0,0.0
A-659280,FinTech,IN,"2023-11-17",event,Enterprise,13,12,93556,8,1,0,30,613,34,1,4,8.00,4.33,0,1,"2024-07-23",features,0.0,27.75
A-7f4db3,FinTech,US,"2023-03-05",other,Pro,4,15,121747,0,0,1,36,844,46,1,5,16.60,3.25,1,1,"2023-03-21",support,0.0,0.0
A-3c1a3f,DevTools,UK,"2023-08-26",event,Pro,1,12,97555,16,0,1,31,497,22,1,4,33.25,3.50,0,0,,,0.0,0.0
A-c9bb3e,EdTech,US,"2024-03-24",ads,Pro,5,10,37673,4,1,0,27,474,20,1,7,27.71,4.20,1,1,"2024-07-29",pricing,0.0,0.0
A-c7e58b,HealthTech,IN,"2023-06-25",other,Pro,3,7,43268,18,0,0,22,343,18,1,5,30.60,3.50,0,0,,,0.0,0.0
A-95b24a,FinTech,US,"2023-06-06",event,Pro,38,11,315184,18,1,1,32,611,34,1,5,21.20,4.25,0,0,,,0.0,0.0
A-297a2d,HealthTech,UK,"2023-05-05",event,Pro,27,5,133956,19,1,0,23,244,22,1,2,32.50,3.00,0,0,,,0.0,0.0
A-439b2f,DevTools,US,"2024-02-21",ads,Enterprise,1,6,1158,5,1,0,14,171,5,1,3,18.33,,0,1,"2024-08-02",pricing,17.06,17.06
A-854864,FinTech,IN,"2024-12-07",event,Enterprise,20,6,0,0,0,0,17,248,10,1,5,44.20,4.80,0,1,"2024-12-24",support,8.47,8.47
A-a09355,FinTech,US,"2024-08-10",organic,Basic,14,16,30886,1,0,1,33,788,47,1,5,32.60,4.00,0,1,"2024-09-13",support,0.0,135.11
A-5a3eb9,DevTools,CA,"2023-08-20",other,Enterprise,18,13,87815,7,0,1,34,722,34,1,3,24.00,,0,1,"2024-04-14",features,0.0,58.37
A-10b8f2,HealthTech,DE,"2023-01-11",organic,Basic,47,12,128395,16,1,0,29,560,23,1,3,46.33,4.33,0,1,"2024-06-04",support,0.0,0.0
A-adc1f3,Cybersecurity,US,"2024-08-05",organic,Pro,2,9,21094,4,0,0,24,334,26,1,3,47.33,3.50,0,0,,,0.0,0.0
A-3d957b,HealthTech,UK,"2024-04-04",other,Pro,14,6,43943,1,1,0,13,143,13,1,3,41.33,3.00,0,1,"2024-05-05",budget,0.0,0.0
A-65a46c,HealthTech,US,"2023-11-04",event,Pro,1,8,180038,13,1,0,24,370,21,1,8,45.13,4.00,0,0,,,0.0,0.0
A-30b4ca,EdTech,IN,"2024-05-20",organic,Basic,86,8,199950,3,0,0,28,402,22,1,3,57.67,4.00,0,1,"2024-09-01",features,0.0,0.0
A-cb5333,DevTools,US,"2024-03-26",ads,Pro,33,16,66110,4,0,1,36,796,34,1,4,30.75,3.00,0,1,"2024-08-11",features,0.0,0.0
A-702032,HealthTech,US,"2023-10-03",ads,Pro,28,6,46172,6,1,0,19,285,15,1,4,26.00,3.00,0,1,"2024-04-18",features,10.5,10.5
A-fe79a5,HealthTech,IN,"2024-02-21",ads,Basic,9,10,38805,10,1,0,22,335,17,1,4,28.50,5.00,0,0,,,0.0,0.0
A-1e6fc3,EdTech,FR,"2023-12-06",other,Pro,1,4,1960,3,0,0,19,244,19,1,5,23.80,3.67,0,1,"2024-03-20",pricing,0.0,0.0
A-b44e3e,Cybersecurity,UK,"2024-02-12",ads,Basic,40,7,150561,2,1,0,20,387,13,1,3,40.00,4.33,0,1,"2024-04-14",unknown,0.0,0.0
A-779e4e,HealthTech,US,"2023-01-02",organic,Basic,5,10,405189,23,1,1,28,393,20,1,5,26.60,4.00,0,0,,,0.0,0.0
A-6a4e2d,EdTech,UK,"2023-04-07",partner,Pro,9,11,96099,15,1,1,27,597,31,1,2,18.50,4.50,1,1,"2024-07-19",budget,0.0,0.0
A-af0cd2,Cybersecurity,IN,"2023-01-03",other,Enterprise,19,11,29317,9,1,0,31,687,33,1,3,54.33,,0,1,"2023-10-26",unknown,0.0,0.0
A-625d0b,EdTech,AU,"2024-09-02",ads,Basic,9,11,11569,3,0,0,32,529,38,1,5,48.40,3.00,0,0,,,0.0,0.0
A-87aa7b,HealthTech,US,"2024-05-16",organic,Pro,24,16,44948,0,1,1,31,742,35,1,3,27.33,,1,1,"2024-06-07",budget,0.0,136.0
A-0354fe,Cybersecurity,US,"2024-10-22",other,Basic,34,7,1292,0,1,0,28,463,30,1,4,20.00,4.00,0,1,"2024-11-15",unknown,0.0,0.0
A-ff79f2,DevTools,US,"2024-04-25",ads,Basic,8,9,52825,8,1,0,24,393,12,1,2,50.00,,0,0,,,0.0,0.0
A-544d0a,DevTools,US,"2024-05-02",organic,Basic,2,10,65801,7,1,1,27,510,22,1,2,38.50,4.00,1,0,,,0.0,0.0
A-e1b9cd,DevTools,US,"2023-02-26",event,Pro,40,15,314100,19,0,1,34,840,47,1,1,35.00,3.00,0,1,"2024-10-01",unknown,0.0,0.0
A-f44180,Cybersecurity,UK,"2023-02-13",event,Pro,9,11,420284,2,0,0,27,520,22,1,2,46.50,5.00,0,1,"2023-04-29",competitor,38.15,38.15
A-202b67,HealthTech,US,"2024-03-22",organic,Pro,11,9,81367,0,1,0,29,447,40,1,4,36.75,4.67,0,1,"2024-03-30",features,69.59,78.869995
A-902ef7,HealthTech,US,"2024-09-03",other,Enterprise,83,8,51128,0,1,0,31,414,24,1,2,48.50,4.00,0,1,"2024-09-26",pricing,0.0,0.0
A-e1462e,FinTech,UK,"2023-03-12",partner,Basic,15,7,100187,6,1,1,26,347,22,1,2,39.50,3.50,0,1,"2023-10-05",support,0.0,0.0
A-08e34e,EdTech,US,"2024-06-27",event,Basic,14,11,37128,0,0,0,34,651,32,1,3,43.00,3.00,0,1,"2024-07-13",competitor,225.18,228.75
A-671f31,DevTools,US,"2024-11-24",ads,Basic,59,6,4012,1,0,1,13,167,16,0,7,33.00,4.20,0,0,,,0.0,0.0
A-de24d5,DevTools,US,"2024-11-05",other,Enterprise,5,13,13214,1,0,0,29,537,28,1,7,43.14,3.00,0,0,,,0.0,0.0
A-b78bf8,DevTools,US,"2024-11-15",event,Pro,33,8,0,0,1,1,24,421,11,1,5,24.20,4.20,0,1,"2024-12-06",unknown,0.0,0.0
A-7d514c,HealthTech,DE,"2024-02-03",organic,Enterprise,17,9,107439,10,1,0,30,502,30,1,3,33.33,5.00,0,0,,,0.0,0.0
A-eb2fdc,DevTools,AU,"2023-11-21",organic,Enterprise,31,12,60051,6,0,0,29,547,17,1,5,33.60,4.50,0,1,"2024-05-26",competitor,0.0,0.0
A-ccabf0,HealthTech,IN,"2023-11-06",organic,Pro,1,10,101960,5,0,1,31,506,29,1,4,46.25,3.67,0,1,"2024-05-05",competitor,0.0,0.0
A-e5d6ab,EdTech,US,"2023-04-15",partner,Pro,3,10,116632,0,0,0,29,382,23,1,3,42.67,,0,1,"2023-04-24",features,0.0,0.0
A-f51f16,HealthTech,US,"2023-12-25",partner,Enterprise,1,8,32739,6,1,0,25,384,28,1,4,29.25,3.00,0,1,"2024-07-07",features,0.0,0.0
A-c70870,Cybersecurity,US,"2024-10-22",partner,Basic,31,7,589,1,1,1,23,334,18,1,5,35.60,4.00,0,1,"2024-12-13",competitor,0.0,0.0
A-94d3da,HealthTech,US,"2023-05-03",other,Basic,41,12,141204,11,1,0,29,464,25,1,6,26.83,3.50,0,1,"2024-04-12",competitor,0.0,0.0
A-4c38bc,HealthTech,UK,"2024-03-09",event,Basic,36,16,199080,9,1,0,37,818,27,1,3,48.33,3.50,0,0,,,0.0,0.0
A-f1f639,EdTech,US,"2023-02-26",ads,Basic,2,4,8066,7,1,0,12,139,10,1,7,20.00,4.80,0,1,"2023-10-18",competitor,0.0,0.0
A-855a48,EdTech,US,"2023-12-22",partner,Pro,14,8,79107,7,0,1,26,448,16,1,5,39.60,3.67,0,1,"2024-08-01",unknown,7.92,7.92
A-6da850,FinTech,IN,"2023-10-07",organic,Pro,5,16,79725,3,1,1,30,714,54,1,5,49.00,4.00,0,1,"2024-01-15",pricing,0.0,0.0
A-331424,DevTools,US,"2023-11-06",organic,Basic,11,6,24079,3,0,0,17,214,9,1,2,24.50,,0,1,"2024-02-21",competitor,0.0,0.0
A-40a557,Cybersecurity,AU,"2023-12-03",partner,Pro,16,9,174491,0,1,0,25,402,17,1,7,30.57,3.67,0,1,"2023-12-08",budget,0.0,0.0
A-4ae22a,EdTech,US,"2024-05-09",other,Pro,6,7,16816,2,0,0,24,369,31,1,3,14.33,3.00,0,1,"2024-07-20",pricing,0.0,0.0
A-05f0e5,FinTech,US,"2023-05-04",partner,Basic,32,12,290264,8,1,0,32,706,46,1,4,20.00,4.00,0,1,"2024-01-14",unknown,0.0,72.19
A-812c5b,DevTools,CA,"2024-02-25",organic,Basic,55,13,73164,2,0,0,33,866,46,1,4,27.00,4.00,0,1,"2024-05-11",support,11.83,11.83
A-82861f,DevTools,UK,"2024-04-25",organic,Basic,41,10,179090,0,0,0,28,462,43,1,5,24.40,3.20,0,1,"2024-05-17",support,0.0,0.0
A-794a0b,HealthTech,DE,"2023-06-02",organic,Basic,23,7,35728,15,0,0,28,347,31,1,0,,,0,1,"2024-09-09",budget,0.0,0.0
A-139c3b,HealthTech,US,"2024-11-21",organic,Enterprise,10,8,1384,1,1,0,27,478,16,1,9,28.44,4.50,0,0,,,0.0,0.0
A-098560,DevTools,UK,"2023-10-21",ads,Enterprise,1,11,36934,7,1,0,32,567,32,1,2,28.00,3.00,1,1,"2024-05-30",support,34.35,34.35
A-c58f49,EdTech,US,"2024-07-31",other,Enterprise,70,7,125370,0,1,0,24,363,22,1,3,36.33,5.00,1,1,"2024-08-27",competitor,0.0,159.96
A-b30291,HealthTech,US,"2024-04-05",event,Basic,5,10,11514,4,0,0,26,519,31,1,1,16.00,,0,1,"2024-09-03",competitor,277.54,277.54
A-92a333,FinTech,US,"2023-03-24",event,Enterprise,9,6,138007,21,0,1,22,364,30,1,4,23.25,,1,0,,,0.0,0.0
A-7a0d69,DevTools,DE,"2024-06-15",ads,Enterprise,4,11,15747,0,1,0,31,606,31,1,2,29.00,5.00,0,1,"2024-07-09",features,28.95,28.95
A-98a59a,FinTech,UK,"2023-08-04",partner,Enterprise,56,10,152432,13,1,1,27,455,21,1,3,37.33,4.50,0,1,"2024-09-11",support,0.0,0.0
A-7cfe77,DevTools,US,"2024-07-10",ads,Pro,69,5,6762,1,1,1,16,205,11,1,7,30.71,3.50,0,1,"2024-09-09",unknown,0.0,0.0
A-d5a319,FinTech,US,"2023-05-04",other,Enterprise,15,12,225294,19,1,1,32,604,43,1,1,17.00,4.00,1,0,,,0.0,0.0
A-309e54,DevTools,US,"2024-12-09",other,Pro,15,11,0,0,0,1,28,509,24,1,5,23.80,3.00,0,1,"2024-12-14",support,106.67,106.67
A-180abf,DevTools,US,"2023-08-14",event,Pro,64,9,153280,3,1,0,29,499,28,1,3,36.33,3.00,0,1,"2023-12-04",support,0.0,0.0
A-684255,FinTech,US,"2024-04-14",ads,Enterprise,9,14,47405,0,1,1,34,653,44,1,4,14.25,4.67,1,1,"2024-05-04",budget,0.0,0.0
A-c16b88,HealthTech,US,"2023-12-02",event,Enterprise,23,9,66399,5,1,0,28,457,24,1,3,48.33,3.00,0,1,"2024-06-01",competitor,0.0,0.0
A-c62e55,EdTech,US,"2023-02-08",partner,Basic,1,9,93683,22,1,0,24,337,13,1,4,27.50,4.00,0,0,,,0.0,0.0
A-fb186e,EdTech,IN,"2024-10-27",organic,Basic,29,3,0,2,0,0,15,207,7,1,6,26.17,3.67,0,0,,,0.0,0.0
A-484819,HealthTech,US,"2023-02-21",organic,Pro,18,8,101596,4,1,0,22,336,20,1,5,33.20,4.50,0,1,"2023-06-29",support,0.0,0.0
A-508199,FinTech,AU,"2024-01-28",event,Basic,19,5,80579,11,0,0,16,231,15,1,3,50.67,3.00,0,0,,,0.0,0.0
A-b2af2e,Cybersecurity,UK,"2024-08-24",event,Enterprise,5,4,3177,2,0,1,14,174,11,1,2,39.50,4.00,0,1,"2024-11-14",pricing,0.0,0.0
A-ffdfd5,EdTech,US,"2024-04-13",organic,Basic,3,10,28168,3,1,0,29,529,28,1,0,,,0,1,"2024-08-08",features,0.0,0.0
A-8e47ca,HealthTech,US,"2024-02-15",organic,Pro,19,9,42931,3,1,0,29,441,35,1,5,33.40,4.00,1,1,"2024-06-01",competitor,0.0,0.0
A-7f8241,EdTech,US,"2023-03-14",organic,Pro,34,15,418542,21,1,0,34,734,38,1,1,36.00,3.00,0,0,,,0.0,0.0
A-f19409,DevTools,US,"2023-03-16",other,Basic,23,12,260866,0,1,0,33,659,31,1,3,6.33,4.00,0,1,"2023-03-26",competitor,0.0,0.0
A-51ec1b,DevTools,US,"2023-11-08",ads,Enterprise,7,6,35985,1,1,1,19,283,12,1,3,52.33,5.00,1,1,"2023-12-09",unknown,0.0,0.0
A-faa28c,HealthTech,US,"2024-01-30",organic,Enterprise,48,14,191820,3,1,0,25,585,24,1,4,52.25,4.67,1,1,"2024-05-24",features,0.0,0.0
A-b9f5b1,Cybersecurity,US,"2023-01-24",other,Pro,15,7,25873,5,0,0,21,307,12,1,6,31.83,3.33,1,1,"2023-07-21",features,0.0,0.0
A-c4ea60,FinTech,DE,"2023-03-09",other,Enterprise,18,9,55050,21,0,1,28,427,18,1,5,36.00,3.60,0,0,,,0.0,0.0
A-6e08f3,Cybersecurity,US,"2023-02-27",event,Basic,8,10,103758,11,1,1,28,492,21,1,2,36.50,3.50,0,1,"2024-02-10",competitor,0.0,0.0
A-71615e,EdTech,US,"2024-05-18",organic,Basic,15,13,90187,1,1,0,29,620,41,1,1,49.00,,0,1,"2024-07-16",pricing,0.0,0.0
A-92a3af,Cybersecurity,IN,"2024-07-07",organic,Enterprise,25,11,89684,5,0,1,35,714,55,1,4,57.50,4.00,1,0,,,0.0,0.0
A-249769,Cybersecurity,US,"2024-04-25",event,Enterprise,4,13,56188,1,0,0,31,678,30,1,2,39.50,4.00,0,1,"2024-06-12",pricing,0.0,0.0
A-4e631b,FinTech,US,"2024-03-16",other,Enterprise,22,11,121650,9,1,1,32,502,29,1,2,24.50,4.00,0,0,,,0.0,0.0
A-ab438f,Cybersecurity,US,"2024-09-13",ads,Enterprise,13,8,5970,2,1,0,25,369,12,1,2,33.50,3.50,0,1,"2024-12-02",budget,0.0,0.0
A-313be3,EdTech,US,"2023-11-15",partner,Enterprise,47,11,150707,0,1,0,33,560,40,1,4,22.50,5.00,1,1,"2023-12-09",competitor,0.0,43.03
A-396e5f,Cybersecurity,CA,"2024-10-02",other,Enterprise,2,10,7829,1,1,1,29,540,23,1,5,24.80,4.00,1,1,"2024-11-30",features,0.0,0.0
A-3be56b,HealthTech,IN,"2023-10-26",event,Pro,3,12,80088,2,1,1,28,528,33,1,4,40.25,3.50,0,1,"2024-01-10",competitor,0.0,0.0
A-00bed1,Cybersecurity,US,"2023-11-14",ads,Basic,28,10,183376,1,1,0,32,514,27,1,4,31.75,4.00,0,1,"2024-01-03",unknown,21.17,21.17
A-ac9111,HealthTech,US,"2023-08-12",event,Pro,21,16,63579,10,0,1,36,808,46,1,3,24.67,5.00,0,1,"2024-06-25",budget,0.0,0.0
A-4e44e8,DevTools,US,"2024-08-20",ads,Enterprise,3,14,64738,0,1,0,32,687,37,1,3,31.33,3.33,0,1,"2024-08-25",features,35.48,35.48
A-9174e0,Cybersecurity,US,"2024-12-04",partner,Basic,37,15,0,0,1,0,34,689,61,1,2,39.00,5.00,0,0,,,0.0,0.0
A-cc98bc,DevTools,US,"2023-05-24",ads,Basic,32,10,322716,19,1,0,29,551,24,1,3,4.67,4.00,0,0,,,0.0,0.0
A-474ad4,EdTech,US,"2023-11-28",organic,Basic,8,15,50056,13,1,1,34,605,45,1,3,33.00,5.00,1,0,,,0.0,0.0
A-1986ca,HealthTech,IN,"2023-01-30",ads,Pro,20,7,195219,23,1,0,26,362,23,1,7,36.57,3.40,0,0,,,0.0,0.0
A-e7a1e2,Cybersecurity,US,"2024-06-23",event,Enterprise,3,12,11961,2,0,0,36,703,36,1,1,45.00,4.00,0,1,"2024-09-08",support,0.0,6.2
A-dcc3f1,HealthTech,US,"2023-12-27",event,Pro,21,8,42450,6,0,1,31,500,32,1,9,35.67,3.80,0,1,"2024-07-16",support,0.0,0.0
A-02cd81,HealthTech,IN,"2024-03-28",other,Basic,44,14,180532,1,0,0,31,684,28,1,3,17.33,4.50,1,1,"2024-04-30",pricing,0.0,0.0
A-e7beab,EdTech,DE,"2023-10-20",organic,Enterprise,5,7,48790,6,0,0,22,373,17,1,6,36.67,4.00,0,1,"2024-04-25",features,0.0,0.0
A-1f559b,HealthTech,US,"2023-09-04",organic,Enterprise,5,10,63607,12,0,1,29,400,27,1,5,50.40,4.20,0,1,"2024-09-28",features,0.0,0.0
A-ee42db,EdTech,DE,"2023-04-25",ads,Enterprise,13,12,73112,1,1,1,31,511,33,1,4,33.75,3.00,0,1,"2023-06-23",pricing,0.0,23.52
A-d3c88e,DevTools,US,"2024-10-18",event,Pro,16,13,3184,1,1,0,33,644,48,1,3,58.00,4.00,0,1,"2024-11-18",support,0.0,0.0
A-c37cab,Cybersecurity,UK,"2024-07-29",event,Pro,13,12,14349,2,1,1,32,708,40,1,4,33.00,3.75,1,1,"2024-10-27",pricing,4.03,4.03
A-d77f4c,DevTools,US,"2023-09-25",partner,Pro,4,14,103168,10,1,1,31,617,32,1,2,31.00,4.00,0,1,"2024-08-06",budget,0.0,0.0
A-781cc0,EdTech,US,"2024-09-04",organic,Pro,12,16,14978,1,1,0,31,864,42,1,4,57.50,3.67,0,1,"2024-10-12",support,0.0,0.0
A-43a9e3,FinTech,IN,"2023-08-17",other,Basic,18,8,114436,16,1,0,23,355,14,1,3,38.00,4.00,0,0,,,0.0,0.0
A-b20d99,HealthTech,IN,"2023-09-27",other,Basic,20,7,21543,5,1,0,22,329,12,1,2,61.50,3.50,0,1,"2024-03-04",features,0.0,0.0
A-56962b,EdTech,UK,"2024-04-09",partner,Enterprise,163,7,69601,3,1,0,16,271,25,1,4,37.50,3.00,0,1,"2024-07-27",unknown,45.83,45.83
A-3b5cd1,FinTech,US,"2023-09-12",event,Basic,13,13,55775,4,1,1,27,523,24,1,5,27.40,4.00,0,1,"2024-01-21",pricing,0.0,113.17
A-6843f2,HealthTech,CA,"2024-12-10",ads,Enterprise,21,9,0,0,0,1,24,481,17,1,2,36.50,3.00,0,0,,,0.0,0.0
A-00cac8,HealthTech,AU,"2023-09-15",organic,Enterprise,8,9,52368,15,0,1,30,602,31,1,2,33.00,,0,0,,,0.0,0.0
A-1e1b80,FinTech,CA,"2023-09-12",other,Enterprise,50,12,464714,0,1,0,34,682,47,1,6,43.00,3.20,0,1,"2023-10-04",competitor,0.0,0.0
A-2b9d3e,EdTech,US,"2023-06-04",partner,Enterprise,1,9,28395,18,1,0,26,444,19,1,3,34.67,5.00,0,0,,,0.0,0.0
A-c608c8,DevTools,DE,"2023-04-27",ads,Pro,3,8,40934,13,1,1,29,445,27,1,2,59.00,3.00,0,1,"2024-06-04",support,0.0,0.0
A-86cdb4,DevTools,DE,"2024-09-22",partner,Basic,2,9,2520,3,0,0,27,492,24,1,5,26.40,4.33,0,0,,,0.0,0.0
A-bc87bc,FinTech,US,"2024-07-17",event,Pro,3,8,11486,5,0,0,24,394,14,1,7,40.57,3.75,0,0,,,0.0,0.0
A-09540c,Cybersecurity,CA,"2023-10-30",event,Basic,67,6,116982,4,1,1,20,297,16,1,2,28.00,4.50,0,1,"2024-03-05",unknown,71.44,71.44
A-462d45,Cybersecurity,US,"2024-01-15",partner,Enterprise,11,12,44386,4,1,1,34,642,26,1,4,26.75,4.00,0,1,"2024-05-17",competitor,0.0,0.0
A-ad3abd,FinTech,US,"2023-03-03",event,Pro,44,7,54868,4,0,0,20,296,11,1,3,13.00,3.00,0,1,"2023-07-12",competitor,0.0,0.0
A-0f3e88,HealthTech,US,"2023-07-23",other,Basic,7,11,30826,12,1,0,32,598,28,1,3,48.00,4.50,0,1,"2024-08-11",budget,0.0,0.0
A-e693b6,FinTech,AU,"2023-05-25",event,Enterprise,55,12,139590,16,1,0,31,681,25,1,1,1.00,3.00,0,1,"2024-10-10",budget,0.0,0.0
A-bb3bd4,HealthTech,US,"2024-01-27",ads,Basic,23,7,10258,4,1,0,18,315,11,1,11,32.73,4.14,0,1,"2024-05-30",pricing,0.0,0.0
A-6965e1,DevTools,US,"2024-11-25",organic,Basic,13,12,0,0,1,1,27,627,29,1,3,39.00,3.00,0,1,"2024-12-02",budget,0.0,0.0
A-fdfc91,Cybersecurity,US,"2023-05-06",ads,Basic,29,10,110122,19,1,0,32,564,29,1,5,28.80,3.67,0,0,,,0.0,0.0
A-503d5a,FinTech,US,"2023-10-21",other,Enterprise,4,12,65301,14,0,1,34,605,32,1,9,36.56,4.00,0,0,,,0.0,0.0
A-fa3095,FinTech,US,"2023-09-03",ads,Basic,70,12,170520,3,0,0,31,600,42,1,5,49.20,5.00,0,1,"2023-12-23",support,0.0,0.0
A-20736a,EdTech,IN,"2024-03-16",organic,Enterprise,50,7,98200,0,1,1,22,430,22,1,4,42.25,3.75,0,1,"2024-03-19",competitor,64.98,64.98
A-186a44,HealthTech,US,"2023-08-07",ads,Enterprise,20,14,54117,16,1,1,30,614,25,1,7,38.29,3.50,0,0,,,0.0,0.0
A-751c58,FinTech,UK,"2024-07-18",organic,Basic,15,11,8421,1,1,0,31,574,12,1,5,39.60,4.33,0,1,"2024-09-17",budget,64.22,64.22
A-3cc791,EdTech,US,"2024-01-10",other,Enterprise,6,8,29430,8,0,0,28,447,30,1,6,48.33,4.25,1,1,"2024-10-09",features,0.0,0.0
A-e83938,DevTools,UK,"2023-11-21",other,Pro,2,8,11176,2,1,0,22,266,18,1,4,31.00,3.00,0,1,"2024-02-19",features,0.0,13.5
A-922109,Cybersecurity,US,"2024-01-26",ads,Pro,3,13,14771,6,0,0,35,819,34,1,3,25.33,3.00,0,1,"2024-08-03",support,0.0,0.0
A-558c72,FinTech,US,"2023-06-01",organic,Basic,12,7,53550,17,1,0,19,296,16,1,4,64.25,4.50,1,1,"2024-11-28",support,43.01,43.01
A-068fc6,EdTech,US,"2023-07-17",event,Enterprise,35,10,139020,17,1,0,32,598,29,1,5,38.80,4.33,0,0,,,0.0,0.0
A-9077b0,HealthTech,US,"2024-08-25",ads,Basic,2,7,152,4,1,0,26,493,31,1,3,40.33,4.33,0,0,,,0.0,0.0
A-bb1eaa,Cybersecurity,US,"2024-06-11",organic,Basic,21,5,17115,2,0,1,15,164,7,1,6,23.50,4.50,0,1,"2024-08-15",pricing,0.0,0.0
A-700ade,Cybersecurity,UK,"2024-10-31",organic,Enterprise,1,8,14085,2,0,0,20,284,18,1,4,30.25,4.67,0,0,,,0.0,0.0
A-45ce7a,FinTech,US,"2023-07-23",ads,Enterprise,16,7,46572,17,1,1,21,424,30,1,5,45.40,3.67,0,0,,,0.0,0.0
A-6f8ad2,EdTech,IN,"2024-07-09",organic,Basic,1,17,82193,5,1,1,38,924,59,1,4,35.25,4.33,0,0,,,0.0,0.0
A-7f6b86,HealthTech,US,"2023-08-24",partner,Basic,45,9,70456,10,1,0,27,420,14,1,7,40.43,3.67,0,1,"2024-07-10",pricing,5.27,5.27
A-7dacce,Cybersecurity,CA,"2024-09-10",event,Enterprise,12,10,18082,0,1,0,27,472,29,1,4,32.50,3.67,0,1,"2024-09-18",unknown,0.0,0.0
A-e89151,FinTech,UK,"2023-09-14",organic,Pro,8,9,94884,15,1,0,30,601,29,1,2,41.50,5.00,0,0,,,0.0,0.0
A-78f02b,HealthTech,US,"2024-11-17",event,Enterprise,11,4,0,0,1,0,17,211,16,1,4,45.75,4.00,0,1,"2024-12-02",unknown,0.0,0.0
A-6a7c9d,Cybersecurity,US,"2024-10-24",organic,Enterprise,26,5,5174,0,0,0,15,189,6,1,3,34.33,4.00,0,1,"2024-11-15",features,178.84,178.84
A-5f2961,HealthTech,US,"2024-11-22",partner,Basic,4,7,0,0,0,0,22,348,19,1,1,53.00,,0,1,"2024-11-28",pricing,6.6,6.6
A-eb7fac,DevTools,US,"2023-10-28",organic,Enterprise,7,10,137248,8,0,0,27,538,44,1,4,34.00,4.00,0,1,"2024-07-22",unknown,0.0,0.0
A-0b0d6d,DevTools,US,"2024-12-30",organic,Pro,3,13,0,0,1,0,32,582,48,1,5,31.40,4.00,1,1,"2024-12-31",competitor,0.0,0.0
A-cc8c8f,DevTools,US,"2024-06-16",ads,Enterprise,23,7,17032,2,1,1,20,268,18,1,2,14.50,3.50,0,1,"2024-09-12",budget,0.0,0.0
A-8bde0c,DevTools,US,"2024-11-04",organic,Basic,12,18,0,0,1,0,34,773,43,1,3,25.67,4.00,0,1,"2024-11-28",features,0.0,0.0
A-ad296b,DevTools,AU,"2024-07-15",event,Pro,38,6,56544,5,0,0,24,294,12,1,3,28.33,3.67,1,0,,,0.0,0.0
A-4c6f11,FinTech,CA,"2023-11-27",organic,Pro,24,5,15877,7,0,1,20,268,4,1,3,44.67,4.33,0,1,"2024-06-29",competitor,0.0,0.0
A-6f50ae,FinTech,US,"2023-09-21",partner,Pro,19,14,138867,1,0,1,35,811,48,1,5,31.00,4.50,0,1,"2023-11-06",unknown,0.0,0.0
A-5a92e7,HealthTech,US,"2024-06-11",ads,Pro,4,19,33702,0,0,0,37,885,76,1,7,45.00,4.40,0,1,"2024-06-18",features,0.0,0.0
A-726cfa,DevTools,US,"2023-07-01",partner,Pro,11,19,145119,13,1,0,40,993,45,1,3,35.67,4.00,0,1,"2024-08-08",support,122.11,122.11
A-a0ca4e,Cybersecurity,US,"2024-03-08",ads,Pro,11,9,55551,9,0,0,26,373,14,1,6,39.17,3.80,3,0,,,0.0,0.0
A-dbc825,EdTech,FR,"2024-01-07",partner,Enterprise,19,16,244811,0,1,0,34,730,58,1,6,49.50,4.00,1,1,"2024-01-14",features,0.0,0.0
A-9f9299,FinTech,US,"2023-09-02",organic,Enterprise,28,15,158194,6,0,0,37,830,54,1,5,36.20,5.00,0,1,"2024-03-24",features,0.0,0.0
A-5a184f,DevTools,DE,"2023-06-19",other,Enterprise,1,10,226164,1,0,1,30,587,29,1,3,15.33,4.33,0,1,"2023-07-23",features,0.0,0.0
A-b11cd0,DevTools,US,"2023-01-20",ads,Pro,26,6,47202,23,0,0,21,278,16,1,4,38.50,4.00,0,0,,,0.0,0.0
A-bcbe98,Cybersecurity,US,"2024-07-29",other,Enterprise,46,11,25668,3,1,1,34,635,43,1,7,38.29,4.00,1,1,"2024-11-25",competitor,0.0,0.0
A-e98302,EdTech,US,"2023-12-26",ads,Enterprise,16,6,85239,12,0,0,21,273,18,1,9,44.44,4.14,0,0,,,0.0,0.0
A-f03140,DevTools,IN,"2023-11-22",event,Pro,27,10,77618,10,1,1,32,595,22,1,7,36.00,3.67,0,1,"2024-10-03",competitor,0.0,0.0
A-b07346,HealthTech,US,"2024-10-10",partner,Pro,51,5,10149,1,1,0,23,326,22,1,3,42.33,3.50,0,1,"2024-11-12",budget,0.0,0.0
A-2d1036,FinTech,US,"2024-06-14",ads,Pro,69,13,99084,4,0,1,31,692,40,1,5,37.80,4.60,1,1,"2024-10-19",budget,0.0,39.09
A-b54c01,DevTools,US,"2024-09-29",event,Enterprise,29,4,5684,0,0,0,15,226,17,1,5,42.60,3.00,0,1,"2024-10-23",budget,0.0,0.0
A-e36807,EdTech,AU,"2024-05-17",other,Pro,6,10,29636,7,0,0,27,446,27,1,2,41.00,4.50,0,0,,,0.0,0.0
A-117171,HealthTech,FR,"2024-09-12",organic,Basic,45,5,855,1,0,1,15,208,11,1,6,32.50,3.67,1,1,"2024-10-13",budget,0.0,102.86
A-241e75,EdTech,US,"2024-07-03",partner,Enterprise,3,5,7902,3,0,1,17,266,20,1,4,31.50,4.50,0,1,"2024-10-11",unknown,0.0,0.0
A-58b9ff,DevTools,IN,"2024-05-31",partner,Enterprise,2,13,5371,4,1,1,28,667,32,1,2,66.00,4.00,1,1,"2024-10-10",pricing,0.0,0.0
A-e6afc1,DevTools,US,"2023-02-24",ads,Pro,1,11,297962,22,0,0,32,679,30,1,0,,,0,0,,,0.0,0.0
A-856b1e,FinTech,US,"2023-10-31",partner,Basic,19,6,72324,14,1,0,17,230,24,1,5,36.00,,1,0,,,0.0,0.0
A-8adedc,EdTech,US,"2024-02-11",event,Basic,4,14,103597,10,0,0,32,583,33,1,4,49.25,4.00,0,0,,,0.0,0.0
A-4e0e85,DevTools,US,"2023-09-08",organic,Enterprise,6,8,34134,2,1,0,20,288,9,1,2,53.00,5.00,0,1,"2023-11-16",competitor,0.0,0.0
A-5f7781,DevTools,US,"2024-08-20",other,Pro,22,5,23144,4,1,0,16,183,10,1,2,28.50,4.00,0,1,"2024-12-25",pricing,0.0,0.0
A-157070,FinTech,US,"2023-11-09",ads,Pro,16,16,149519,1,1,1,37,696,26,1,3,42.33,3.00,1,1,"2024-01-06",features,0.0,0.0
A-cc102e,HealthTech,US,"2024-04-15",partner,Enterprise,13,10,31576,0,1,0,26,394,39,1,4,33.25,4.33,0,1,"2024-04-25",unknown,50.06,111.16
A-b7b7b7,FinTech,US,"2024-06-30",event,Basic,24,12,77962,6,1,0,31,571,26,1,3,17.00,5.00,0,0,,,0.0,0.0
A-90a8c8,FinTech,AU,"2024-08-24",organic,Pro,15,7,62894,0,1,0,23,404,20,1,4,45.00,3.25,0,1,"2024-08-29",support,0.0,0.0
A-05d3b3,DevTools,AU,"2023-05-28",ads,Basic,9,13,44455,9,0,0,32,642,22,1,6,31.50,4.33,0,1,"2024-03-12",unknown,0.0,0.0
A-ef84cf,EdTech,US,"2024-03-01",partner,Enterprise,8,5,13836,5,0,1,21,309,11,1,5,34.80,4.33,1,1,"2024-08-14",unknown,18.81,18.81
A-0a62f5,FinTech,UK,"2024-09-11",partner,Pro,16,4,1568,0,0,0,20,244,7,1,2,33.50,,0,1,"2024-09-27",pricing,90.9,156.45001
A-2edab2,HealthTech,US,"2023-11-17",event,Enterprise,17,10,40936,1,1,0,28,487,26,1,4,30.00,3.00,0,1,"2023-12-21",unknown,168.73,168.73
A-34ea2f,HealthTech,US,"2024-08-15",organic,Enterprise,8,12,14650,1,1,0,29,550,30,1,8,35.25,3.80,0,1,"2024-10-05",unknown,0.0,1.85
A-9a532a,HealthTech,US,"2024-07-06",partner,Enterprise,11,4,37213,5,0,0,16,185,15,1,2,57.50,,0,0,,,0.0,0.0
A-0be015,FinTech,US,"2024-10-15",event,Pro,19,5,361,1,0,0,19,297,13,1,7,40.29,4.20,1,1,"2024-12-13",unknown,74.68,74.68
A-2922b6,HealthTech,US,"2024-11-14",organic,Basic,15,6,0,1,1,0,27,393,13,1,2,15.50,4.00,0,1,"2024-12-25",competitor,0.0,0.0
A-0baac2,FinTech,DE,"2024-05-30",organic,Enterprise,14,6,19363,1,0,0,19,202,9,0,6,43.50,4.33,0,1,"2024-07-15",unknown,0.0,99.380005
A-df1e44,Cybersecurity,UK,"2024-02-23",organic,Enterprise,12,11,31250,7,1,1,25,420,14,1,2,53.00,5.00,0,1,"2024-10-17",budget,0.0,0.0
A-e61e98,FinTech,US,"2023-10-20",partner,Enterprise,19,9,66259,11,1,0,32,527,25,1,6,30.33,4.60,1,1,"2024-10-19",features,0.0,0.0
A-149a69,DevTools,US,"2024-10-17",event,Basic,34,3,0,1,0,0,18,208,9,1,8,33.88,4.20,0,1,"2024-12-04",pricing,0.0,0.0
A-65c341,FinTech,US,"2023-12-26",ads,Pro,11,8,162728,2,0,0,25,410,18,1,5,41.40,4.00,0,1,"2024-03-07",support,0.0,0.0
A-e888d1,Cybersecurity,US,"2023-03-28",other,Pro,14,11,112552,2,1,0,31,552,36,1,5,43.00,4.00,1,1,"2023-06-06",budget,0.0,6.38
A-9b9fe9,EdTech,AU,"2023-09-28",other,Basic,5,12,37653,2,0,1,30,597,22,1,4,33.50,4.00,0,1,"2023-12-27",features,27.92,27.92
A-7988d1,Cybersecurity,US,"2023-12-20",other,Basic,33,9,47157,0,0,0,31,449,28,1,3,35.33,4.33,0,1,"2024-01-06",budget,0.0,16.89
A-d62e02,Cybersecurity,US,"2024-08-20",partner,Pro,6,10,23397,4,1,1,25,344,23,1,1,36.00,4.00,0,0,,,0.0,0.0
A-c16101,EdTech,IN,"2024-09-06",other,Basic,7,10,6176,2,1,1,31,561,29,1,4,28.00,5.00,1,1,"2024-11-13",features,0.0,0.0
A-32fb14,DevTools,US,"2023-03-07",event,Enterprise,26,9,47746,5,1,0,27,488,19,1,5,34.00,4.50,0,1,"2023-08-19",budget,0.0,0.0
A-4ef964,HealthTech,US,"2024-03-07",organic,Pro,17,9,38665,3,0,0,31,487,33,1,3,42.67,4.00,0,1,"2024-06-19",budget,0.0,0.0
A-5b051a,Cybersecurity,US,"2024-08-05",event,Enterprise,22,4,2508,4,0,0,14,171,17,1,1,2.00,3.00,0,0,,,0.0,0.0
A-2e4581,EdTech,US,"2024-10-16",partner,Basic,9,10,2232,1,1,0,27,535,38,1,2,23.00,3.00,0,1,"2024-11-23",budget,0.0,0.0
A-c43359,FinTech,US,"2024-11-16",organic,Pro,38,8,0,0,1,1,28,461,32,1,3,26.67,4.00,0,1,"2024-12-12",unknown,0.0,8.92
A-1619f8,DevTools,US,"2024-05-20",organic,Pro,29,7,76719,0,1,0,27,432,26,1,3,42.00,5.00,0,1,"2024-06-03",competitor,0.0,0.0
A-0cc442,EdTech,US,"2024-07-18",organic,Basic,45,13,128522,0,1,1,34,765,41,1,3,37.00,3.00,0,1,"2024-07-20",pricing,0.0,59.52
A-cab532,DevTools,FR,"2023-04-03",organic,Pro,11,15,146916,15,1,1,38,1005,47,1,1,32.00,4.00,0,1,"2024-07-10",support,0.0,0.0
A-425e76,DevTools,UK,"2023-05-17",other,Enterprise,8,11,171879,2,1,0,29,438,24,1,5,48.20,3.33,1,1,"2023-08-10",competitor,0.0,0.0
A-5ed98d,DevTools,US,"2024-06-22",partner,Basic,24,8,22828,3,1,0,23,312,18,1,5,35.80,5.00,0,1,"2024-09-27",features,0.0,0.0
A-4a4c2d,DevTools,US,"2023-05-02",event,Enterprise,54,13,384318,19,1,1,28,587,37,1,5,42.00,4.25,0,0,,,0.0,0.0
A-038089,DevTools,FR,"2023-12-19",other,Pro,5,3,4263,10,0,0,15,210,15,1,6,30.17,3.67,0,1,"2024-10-21",competitor,0.0,19.34
A-9123ac,Cybersecurity,DE,"2023-06-20",organic,Pro,9,7,41182,9,0,1,28,386,24,1,6,38.83,4.20,0,1,"2024-04-05",support,0.0,0.0
A-9affe6,Cybersecurity,US,"2023-03-22",other,Pro,7,11,52165,9,1,0,26,473,16,1,3,58.00,3.00,0,1,"2024-01-12",features,83.06,83.06
A-3b37d9,FinTech,US,"2023-01-27",event,Enterprise,23,7,60559,10,1,0,26,451,21,1,5,36.00,4.50,0,1,"2023-12-26",budget,0.0,0.0
A-e4144b,EdTech,UK,"2024-10-22",other,Pro,41,10,16318,2,1,0,26,439,21,1,3,57.00,4.00,0,0,,,0.0,0.0
A-e3bd71,Cybersecurity,US,"2023-03-25",partner,Basic,31,11,317639,9,1,1,32,638,27,1,4,30.25,4.00,0,1,"2023-12-30",support,0.0,0.0
A-029f69,Cybersecurity,CA,"2024-03-07",event,Basic,3,16,22448,3,1,0,37,789,42,1,2,42.00,3.00,0,1,"2024-06-17",budget,0.0,32.73
A-2e3bad,FinTech,CA,"2023-08-13",other,Pro,61,10,214781,7,0,0,25,435,26,1,5,31.40,3.50,0,1,"2024-03-30",features,0.0,0.0
A-bd4708,FinTech,US,"2024-07-21",ads,Pro,37,13,84203,5,1,0,33,653,30,1,4,24.00,3.50,0,0,,,0.0,0.0
A-7da956,Cybersecurity,US,"2024-06-02",event,Pro,13,12,23399,6,1,1,28,543,35,1,3,32.67,5.00,0,0,,,0.0,0.0
A-4e960a,FinTech,US,"2024-01-17",other,Enterprise,12,12,173192,11,0,1,29,512,21,1,6,29.17,4.00,0,0,,,0.0,0.0
A-0dbdc6,Cybersecurity,DE,"2023-02-12",other,Pro,30,9,117770,9,0,0,32,512,31,1,4,47.00,5.00,0,1,"2023-11-26",support,0.0,175.02
A-104f1a,Cybersecurity,US,"2024-08-17",other,Pro,24,8,2808,0,0,0,28,438,22,1,5,33.20,3.75,1,1,"2024-09-06",support,0.0,0.0
A-7c4956,DevTools,US,"2023-05-06",ads,Enterprise,5,8,28112,19,0,0,27,475,40,1,3,13.67,4.00,0,0,,,0.0,0.0
A-410e86,FinTech,US,"2024-11-10",organic,Basic,24,7,4776,1,0,0,22,292,21,1,5,42.60,3.50,0,0,,,0.0,0.0
A-a8d89d,EdTech,US,"2023-12-08",ads,Pro,13,12,62998,1,1,0,32,551,26,1,2,44.50,5.00,0,1,"2024-01-18",features,0.0,0.0
A-463db0,HealthTech,US,"2024-12-05",partner,Basic,15,7,0,0,0,0,25,367,13,1,6,50.17,4.25,1,1,"2024-12-30",features,0.0,0.0
A-c42f1f,HealthTech,US,"2024-07-28",other,Pro,8,8,9852,5,1,1,24,337,20,1,9,31.33,4.00,1,0,,,0.0,0.0
A-afa505,DevTools,US,"2023-12-27",partner,Basic,70,9,298970,2,1,1,33,507,28,1,4,37.25,3.00,1,1,"2024-03-02",support,0.0,0.0
A-f446b6,DevTools,DE,"2023-05-12",ads,Pro,5,9,95802,19,0,0,27,376,31,1,8,30.75,4.25,1,0,,,0.0,0.0
A-ced9aa,DevTools,US,"2024-10-05",other,Enterprise,3,11,3100,2,0,0,33,531,39,1,7,28.86,3.00,0,0,,,0.0,0.0
A-22d9d2,DevTools,FR,"2024-03-22",event,Pro,8,14,44814,6,1,1,35,782,43,1,6,16.00,4.00,1,1,"2024-10-17",pricing,0.0,0.0
A-ac85cd,EdTech,US,"2024-07-31",partner,Enterprise,53,12,22951,2,1,1,30,634,29,1,3,33.67,3.50,0,1,"2024-10-20",features,83.94,186.33
A-075038,HealthTech,UK,"2023-05-12",ads,Basic,17,14,110113,15,1,0,32,743,31,1,2,43.50,3.00,0,1,"2024-09-05",features,6.38,6.38
A-977ca0,HealthTech,IN,"2023-02-20",partner,Basic,6,16,455589,22,1,0,38,893,46,1,3,64.00,4.00,0,0,,,0.0,0.0
A-a2485e,FinTech,US,"2024-08-04",event,Pro,3,6,18502,4,0,1,22,317,13,1,0,,,0,0,,,0.0,0.0
A-751bd4,Cybersecurity,UK,"2024-07-12",partner,Pro,10,2,0,2,0,0,9,92,0,0,6,23.17,4.25,1,1,"2024-09-22",budget,0.0,0.0
A-d922bf,HealthTech,US,"2023-09-08",ads,Basic,5,7,157011,14,0,0,24,419,19,1,7,39.14,3.33,1,1,"2024-12-06",support,11.13,11.13
A-4437e4,Cybersecurity,US,"2023-09-16",event,Enterprise,3,16,70216,9,1,1,37,806,43,1,6,34.67,3.00,2,1,"2024-06-21",features,0.0,0.0
A-44dc83,EdTech,FR,"2024-05-12",other,Basic,5,4,2280,6,0,0,16,248,13,1,7,40.86,4.60,0,1,"2024-11-29",unknown,98.48,98.48
A-4c56c9,FinTech,US,"2023-12-20",partner,Enterprise,9,13,88934,3,0,0,34,623,38,1,5,38.60,3.75,0,1,"2024-04-05",budget,44.23,44.23
A-cbd1a3,DevTools,US,"2024-11-25",other,Basic,6,10,11040,1,1,0,29,465,32,1,4,34.50,4.00,0,0,,,0.0,0.0
A-ce550d,HealthTech,US,"2024-10-27",event,Enterprise,35,9,28890,2,1,0,32,579,31,1,7,42.29,3.80,1,1,"2024-12-28",budget,0.0,0.0
A-5b1bcd,DevTools,US,"2023-09-16",organic,Pro,73,15,708319,10,1,0,34,869,54,1,4,43.25,4.50,0,1,"2024-08-07",competitor,4.45,4.45
A-a8b49c,Cybersecurity,UK,"2023-10-06",partner,Basic,7,12,30492,8,1,0,27,545,43,1,1,72.00,4.00,0,1,"2024-06-17",features,0.0,0.0
A-d49cc5,Cybersecurity,FR,"2023-09-19",event,Basic,50,8,38750,6,0,0,27,436,34,1,4,32.00,4.50,0,1,"2024-04-12",competitor,0.0,0.0
A-b2225d,FinTech,US,"2024-03-08",ads,Basic,47,12,93865,0,1,1,34,696,60,1,2,42.00,3.00,0,1,"2024-03-31",pricing,0.0,0.0
A-bb1486,HealthTech,US,"2024-11-05",organic,Basic,41,8,2009,0,0,1,24,405,36,1,3,11.00,3.00,0,1,"2024-11-21",budget,0.0,0.0
A-7c83a1,Cybersecurity,US,"2024-05-06",partner,Pro,12,12,70025,0,0,1,29,632,23,1,4,42.00,4.00,0,1,"2024-05-19",unknown,0.0,0.0
A-1f7acb,FinTech,UK,"2023-08-06",ads,Basic,64,8,355200,16,1,1,26,510,47,1,7,41.71,4.40,0,0,,,0.0,0.0
A-d82ef9,EdTech,UK,"2024-07-02",other,Basic,26,14,32864,1,1,1,32,679,46,1,5,39.80,4.25,1,1,"2024-08-06",budget,74.94,74.94
A-4d1e75,DevTools,US,"2024-08-21",other,Basic,20,13,72288,0,1,1,28,477,25,1,2,15.00,4.00,0,1,"2024-09-05",budget,0.0,0.0
A-b48f73,EdTech,AU,"2024-11-13",event,Pro,80,7,6960,1,0,0,24,412,23,1,3,28.67,4.00,0,0,,,0.0,0.0
A-7c5768,HealthTech,UK,"2024-03-02",event,Enterprise,3,9,14902,9,0,0,27,461,31,1,5,28.80,4.00,0,0,,,0.0,0.0
A-e40f45,HealthTech,US,"2024-04-18",organic,Pro,21,7,44992,6,1,0,29,401,26,1,7,26.71,4.33,0,1,"2024-11-09",budget,101.23,101.23
A-5c046d,EdTech,FR,"2024-07-06",partner,Basic,93,8,103881,5,0,0,27,475,23,1,1,13.00,3.00,0,0,,,0.0,0.0
A-993085,HealthTech,US,"2023-06-01",ads,Basic,31,15,487320,3,1,1,33,665,50,1,4,46.50,3.50,0,1,"2023-09-20",features,0.0,0.0
A-df10db,DevTools,US,"2023-06-06",other,Enterprise,2,11,59976,11,1,0,31,697,40,1,2,68.50,3.00,1,1,"2024-05-19",competitor,0.0,0.0
A-9f0b68,EdTech,US,"2024-04-28",ads,Basic,10,12,36099,3,1,1,36,709,33,1,3,30.33,3.00,0,1,"2024-08-10",features,0.0,0.0
A-4f18f0,DevTools,CA,"2024-04-21",other,Pro,24,12,98366,1,0,1,33,544,25,1,5,39.20,4.00,0,1,"2024-05-27",features,0.0,0.0
A-bf7919,HealthTech,US,"2024-11-27",organic,Pro,3,6,0,0,0,0,23,262,14,1,2,14.50,5.00,0,1,"2024-12-06",support,0.0,0.0
A-80eeb6,Cybersecurity,UK,"2023-05-09",organic,Enterprise,22,16,364378,5,1,1,38,725,43,1,4,40.25,3.67,1,1,"2023-10-19",features,0.0,0.0
A-7641d3,EdTech,US,"2023-02-16",partner,Pro,8,11,67473,8,0,1,28,519,26,1,5,45.20,4.33,2,1,"2023-11-10",support,35.05,131.4
A-17939a,HealthTech,US,"2024-12-26",organic,Basic,1,11,0,0,0,0,25,440,43,1,7,38.00,4.50,0,0,,,0.0,0.0
A-ccc747,HealthTech,FR,"2024-01-12",event,Pro,16,6,19708,3,1,0,23,284,13,1,4,32.25,5.00,1,1,"2024-04-15",budget,0.0,104.25
A-b9eed8,Cybersecurity,US,"2024-02-23",organic,Basic,11,11,37231,2,0,1,29,623,55,1,5,29.20,3.75,1,1,"2024-04-23",pricing,0.0,0.0
A-883b7d,Cybersecurity,IN,"2024-03-28",other,Basic,17,12,150500,9,0,0,35,644,40,1,7,25.57,3.60,1,0,,,0.0,0.0
A-9f2731,FinTech,IN,"2024-10-04",event,Enterprise,1,7,3613,0,0,1,23,324,20,1,0,,,0,1,"2024-10-15",features,0.0,136.94
A-54d94a,Cybersecurity,IN,"2023-05-01",event,Basic,27,11,82823,19,1,1,30,582,28,1,4,53.75,3.50,0,0,,,0.0,0.0
A-2bc93d,HealthTech,US,"2023-03-14",event,Basic,14,13,193326,4,1,0,33,666,31,1,2,12.00,4.50,0,1,"2023-08-10",pricing,0.0,99.1
A-3f9cc0,HealthTech,US,"2024-06-03",event,Basic,22,7,47860,1,1,1,25,407,24,0,5,34.80,4.50,1,1,"2024-07-18",pricing,0.0,0.0
A-5a215a,EdTech,FR,"2024-01-05",other,Enterprise,87,18,597690,11,1,0,32,807,71,1,4,29.50,4.00,0,0,,,0.0,0.0
A-d4ac0e,DevTools,UK,"2024-04-20",ads,Basic,18,19,77068,8,1,0,38,793,53,1,4,21.00,3.50,0,0,,,0.0,0.0
A-8ed5dd,EdTech,UK,"2023-06-29",event,Enterprise,5,12,93127,16,1,1,29,545,45,1,6,29.00,3.75,0,1,"2024-10-30",support,0.0,0.0
A-9badbd,Cybersecurity,DE,"2024-06-19",ads,Enterprise,5,13,64218,6,0,0,33,729,45,1,5,30.20,5.00,0,0,,,0.0,0.0
A-118f1c,Cybersecurity,US,"2024-10-31",other,Pro,32,8,12736,1,0,0,22,369,14,1,1,64.00,3.00,0,1,"2024-12-17",budget,0.0,0.0
A-52dd88,Cybersecurity,US,"2023-02-21",ads,Pro,23,11,103366,22,1,0,28,516,33,1,1,72.00,,0,0,,,0.0,0.0
A-5fe118,Cybersecurity,US,"2024-11-07",other,Enterprise,39,5,0,1,0,0,14,233,12,1,1,19.00,4.00,0,1,"2024-12-16",features,114.86,114.86
A-a33200,HealthTech,US,"2024-09-15",partner,Basic,29,12,29256,0,1,0,33,517,26,1,3,36.33,4.50,0,1,"2024-10-07",features,21.61,21.61
A-68f37c,HealthTech,US,"2023-07-15",ads,Basic,4,12,201930,6,1,0,30,624,40,1,5,20.20,4.00,0,1,"2024-02-08",competitor,0.0,0.0
A-940b8b,HealthTech,DE,"2024-03-19",organic,Basic,1,8,71493,9,1,1,23,362,32,1,3,41.33,4.00,0,0,,,0.0,0.0
A-e4bf56,HealthTech,IN,"2024-10-28",ads,Pro,17,7,5098,2,0,1,25,339,10,1,8,29.13,3.67,0,0,,,0.0,0.0
A-0e966d,FinTech,IN,"2024-06-25",ads,Basic,11,11,40981,6,0,0,31,636,34,1,3,31.67,4.50,1,0,,,0.0,0.0
A-3932db,HealthTech,CA,"2023-10-04",other,Pro,19,9,37701,14,1,1,28,434,28,1,6,41.00,4.33,0,0,,,0.0,0.0
A-81edc3,Cybersecurity,IN,"2023-10-30",ads,Basic,5,12,50512,4,1,0,33,765,41,1,3,52.67,4.00,0,1,"2024-03-03",unknown,0.0,10.91
A-e351e1,EdTech,US,"2024-09-26",other,Enterprise,33,5,0,0,0,0,18,295,22,1,4,17.00,3.75,0,1,"2024-10-24",budget,0.0,113.84
A-a7bd4b,Cybersecurity,US,"2023-02-15",ads,Enterprise,5,11,38591,20,1,0,29,576,37,1,6,36.83,3.25,0,1,"2024-10-15",features,0.0,0.0
A-02fac6,FinTech,US,"2023-04-06",event,Pro,22,11,107931,16,1,0,32,514,34,1,6,23.33,4.00,0,1,"2024-08-21",support,0.0,0.0
A-ccb686,DevTools,US,"2024-01-22",other,Basic,10,12,67684,5,1,1,35,721,46,1,1,67.00,4.00,0,1,"2024-06-22",budget,0.0,25.92
A-b3fe05,Cybersecurity,CA,"2024-05-28",partner,Pro,8,9,70917,7,0,0,29,438,18,1,4,48.25,3.00,0,0,,,0.0,0.0
A-1d5444,Cybersecurity,US,"2024-01-18",partner,Basic,24,14,51308,4,1,0,28,592,35,1,2,30.00,4.00,0,1,"2024-06-01",support,0.0,0.0
A-cdf020,DevTools,AU,"2023-08-16",organic,Pro,23,8,100993,3,1,0,25,379,18,1,4,29.50,4.00,0,1,"2023-12-08",budget,105.26,105.26
A-5247b3,FinTech,UK,"2024-03-12",partner,Pro,16,11,38713,7,1,0,32,610,29,1,5,45.80,4.00,0,1,"2024-10-12",support,28.84,28.84
A-2d4502,FinTech,IN,"2024-04-29",event,Basic,7,10,71532,0,1,0,29,465,19,1,3,26.33,5.00,0,1,"2024-05-07",pricing,0.0,0.0
A-f97b9a,FinTech,US,"2023-07-09",event,Pro,16,11,159386,17,1,0,29,561,33,1,7,31.71,3.67,0,0,,,0.0,0.0
A-1e50e0,Cybersecurity,DE,"2023-02-21",other,Pro,19,5,87545,8,1,0,17,194,15,1,2,20.50,5.00,1,1,"2023-11-01",budget,54.94,54.94
A-96215d,FinTech,US,"2024-08-08",event,Enterprise,10,6,30917,4,1,0,20,347,21,1,1,25.00,3.00,0,0,,,0.0,0.0
A-c1e51e,FinTech,US,"2024-10-02",organic,Basic,3,10,11420,1,1,1,28,518,36,1,5,40.00,3.20,0,1,"2024-11-09",pricing,0.0,0.0
A-1b707d,Cybersecurity,US,"2023-07-14",organic,Enterprise,1,8,86184,0,1,0,27,399,12,1,3,42.67,,0,1,"2023-07-21",competitor,0.0,0.0
A-3793ee,Cybersecurity,CA,"2023-03-21",organic,Enterprise,49,7,147490,2,1,1,25,352,11,1,4,43.75,4.00,0,1,"2023-06-16",unknown,0.0,0.0
A-cd458b,DevTools,US,"2024-06-15",other,Basic,10,15,38551,4,0,1,34,864,45,1,5,38.40,4.60,0,1,"2024-11-07",budget,0.0,0.0
A-0158bb,FinTech,DE,"2024-05-22",partner,Basic,5,6,5016,7,1,0,19,364,22,1,1,32.00,3.00,0,0,,,0.0,0.0
A-de58ca,HealthTech,DE,"2023-04-13",organic,Enterprise,15,11,238539,20,0,0,28,505,33,1,5,30.60,3.33,0,0,,,0.0,0.0
A-40906c,EdTech,US,"2024-03-27",ads,Basic,92,12,196972,9,0,0,32,685,32,1,5,29.20,3.75,0,0,,,0.0,0.0
A-76fa4d,HealthTech,US,"2024-11-24",event,Pro,69,7,17112,0,0,0,21,357,21,1,5,33.40,4.50,0,1,"2024-11-26",unknown,1.55,33.04
A-fabe19,DevTools,UK,"2024-11-11",ads,Enterprise,1,7,7164,1,1,0,20,337,16,1,3,40.67,4.00,0,0,,,0.0,0.0
A-94c3cd,FinTech,CA,"2023-09-20",other,Enterprise,32,6,11630,15,0,0,18,306,18,1,4,44.75,3.50,1,0,,,0.0,0.0
A-a1b80b,HealthTech,US,"2023-11-27",organic,Basic,16,16,108861,7,1,1,33,749,48,1,4,41.00,4.00,0,1,"2024-07-11",budget,12.99,12.99
A-b7724f,HealthTech,UK,"2023-03-28",organic,Basic,1,8,4422,4,0,0,28,380,16,1,3,28.67,3.00,0,1,"2023-08-25",unknown,52.88,242.55
A-86fc1d,DevTools,UK,"2024-07-26",partner,Basic,26,9,30844,0,1,0,26,363,26,1,5,27.00,4.00,0,1,"2024-08-12",support,0.0,0.0
A-4a267b,FinTech,US,"2024-05-05",other,Pro,25,10,63557,1,1,1,31,498,22,1,4,16.25,4.33,0,1,"2024-06-17",support,64.54,64.54
A-fda07f,Cybersecurity,FR,"2024-08-11",partner,Basic,7,12,30521,1,1,1,31,681,39,1,5,17.80,4.00,0,1,"2024-09-13",support,17.34,17.34
A-35083d,HealthTech,IN,"2023-04-28",partner,Basic,19,16,201875,20,1,0,29,791,37,1,4,49.75,5.00,0,0,,,0.0,0.0
A-53f4e3,Cybersecurity,UK,"2024-06-14",event,Enterprise,13,10,14617,5,0,0,29,410,45,1,5,28.60,4.00,0,1,"2024-12-06",competitor,0.0,0.0
A-a865bd,Cybersecurity,US,"2023-09-19",organic,Pro,38,5,152480,2,0,0,19,230,13,1,2,31.50,3.00,0,1,"2023-11-26",unknown,0.0,0.0
A-cb6cc6,DevTools,US,"2023-04-03",ads,Basic,13,7,17132,20,1,0,21,314,26,0,3,16.33,3.50,0,0,,,0.0,0.0
A-31ab9a,FinTech,DE,"2024-03-03",organic,Pro,3,7,19831,5,0,0,19,340,23,1,7,43.14,3.50,0,1,"2024-08-09",budget,0.0,0.0
A-6dee43,FinTech,UK,"2023-08-12",other,Basic,3,11,155014,5,1,0,28,461,11,1,5,44.20,4.33,0,1,"2024-01-14",pricing,143.8,143.8
A-151c9a,FinTech,US,"2023-01-27",ads,Enterprise,23,5,98418,9,0,1,28,366,14,1,2,31.00,3.50,0,1,"2023-11-04",support,35.6,35.6
A-3a7284,FinTech,US,"2024-11-17",organic,Enterprise,31,12,0,1,1,1,33,609,30,1,3,56.33,3.50,0,1,"2024-12-26",unknown,0.0,0.0
A-0532a9,FinTech,IN,"2024-09-25",event,Pro,19,10,16315,0,1,1,30,519,30,1,8,30.75,3.00,0,1,"2024-10-09",pricing,2.4,2.4
A-118d55,Cybersecurity,US,"2024-10-22",organic,Basic,8,12,0,1,1,1,29,599,33,1,5,24.20,4.33,0,1,"2024-11-25",unknown,0.0,0.0
A-18793f,EdTech,US,"2024-12-18",organic,Basic,148,11,0,0,1,0,30,486,20,1,5,45.20,3.80,0,1,"2024-12-30",support,25.41,25.41
A-fd7ad3,Cybersecurity,US,"2024-11-01",event,Enterprise,1,10,588,0,1,0,31,567,42,1,8,48.75,4.17,1,1,"2024-11-12",pricing,70.03,70.03
A-034368,EdTech,US,"2023-11-05",event,Enterprise,19,5,12683,9,0,0,20,265,25,1,5,41.20,4.00,0,1,"2024-08-29",features,0.0,0.0
A-f5641b,EdTech,US,"2024-03-30",other,Pro,31,10,141457,0,1,1,27,438,18,1,4,47.50,3.00,1,1,"2024-04-20",pricing,0.0,0.0
A-7f29a7,Cybersecurity,UK,"2024-09-18",event,Basic,41,11,7585,0,0,0,32,619,38,1,1,24.00,4.00,0,1,"2024-10-09",unknown,23.97,23.97
A-b07b56,DevTools,US,"2024-11-08",event,Pro,25,15,4150,1,0,0,32,633,39,1,4,31.25,3.00,0,1,"2024-12-24",budget,0.0,0.0
A-354f12,FinTech,US,"2024-04-28",ads,Pro,1,4,24212,4,0,1,14,158,3,1,2,56.50,,0,1,"2024-09-19",competitor,0.0,0.0
A-dfbd31,DevTools,UK,"2023-12-04",partner,Enterprise,14,14,67817,0,1,1,27,599,19,1,6,29.67,4.25,0,1,"2024-01-01",features,0.0,0.0
A-2789e3,FinTech,US,"2024-09-14",partner,Enterprise,11,12,22259,3,1,1,33,680,45,1,4,47.25,4.00,0,0,,,0.0,0.0
A-3a5ad8,HealthTech,US,"2023-12-05",organic,Enterprise,9,13,122594,12,1,1,27,506,23,1,4,44.75,4.50,0,0,,,0.0,0.0
A-9208f0,EdTech,US,"2023-05-11",organic,Pro,1,8,17517,6,1,0,29,538,31,1,8,41.25,3.33,1,1,"2023-11-18",features,0.0,66.37
A-337bc1,Cybersecurity,US,"2023-07-19",organic,Pro,30,7,162101,3,1,1,27,425,34,1,4,32.50,4.00,1,1,"2023-10-21",support,0.0,0.0
A-dcc2f0,FinTech,UK,"2023-07-22",organic,Basic,15,15,41594,8,1,0,35,833,26,1,2,27.00,,0,1,"2024-04-10",features,0.0,0.0
A-692f18,EdTech,US,"2024-03-28",other,Basic,5,17,132309,8,1,1,36,871,55,1,2,37.50,5.00,0,1,"2024-12-23",support,0.0,0.0
A-e08cd3,FinTech,US,"2024-09-21",ads,Pro,67,11,119595,0,0,1,30,432,21,1,8,30.38,4.00,0,1,"2024-09-21",competitor,0.0,0.0
A-94f8c9,HealthTech,US,"2024-03-29",other,Basic,13,16,55297,1,1,1,33,746,63,1,3,47.33,5.00,0,1,"2024-05-02",budget,0.0,0.0
A-fd9422,Cybersecurity,US,"2024-04-04",organic,Pro,58,9,95642,8,1,1,27,456,21,1,6,44.33,3.50,1,0,,,0.0,0.0
A-50f3f7,HealthTech,US,"2023-12-22",partner,Basic,31,15,173797,12,0,1,30,685,45,1,6,37.83,5.00,1,0,,,0.0,0.0
A-bcf664,DevTools,US,"2023-05-19",other,Pro,5,13,55998,14,0,0,31,575,28,1,5,36.00,4.00,1,1,"2024-08-08",competitor,0.0,75.32
A-d42431,FinTech,FR,"2024-06-09",ads,Enterprise,22,9,55427,0,1,1,26,457,34,1,4,24.25,4.00,0,1,"2024-06-26",pricing,0.0,17.42
A-d792a6,DevTools,US,"2023-01-23",organic,Enterprise,4,15,90437,7,1,1,32,690,40,1,5,40.60,4.00,0,1,"2023-09-11",competitor,0.0,0.0
A-b179bf,Cybersecurity,IN,"2024-10-27",ads,Basic,43,5,8557,0,0,0,23,398,18,1,6,24.67,4.00,0,1,"2024-10-31",support,0.0,0.0
A-e43bf7,Cybersecurity,AU,"2023-03-24",other,Pro,44,7,347558,3,1,0,26,371,35,1,5,27.40,4.00,1,1,"2023-06-24",pricing,0.0,0.0
A-39ddf4,EdTech,US,"2024-12-05",partner,Enterprise,40,9,0,0,0,0,27,455,36,1,5,23.00,4.25,0,1,"2024-12-13",support,0.0,0.0
A-2f6a32,HealthTech,US,"2024-08-26",organic,Basic,19,11,8395,4,1,0,32,654,46,1,2,41.00,3.50,0,0,,,0.0,0.0
A-42e5e1,DevTools,US,"2024-07-09",ads,Pro,1,7,9363,2,1,1,24,411,41,1,3,29.00,4.00,0,1,"2024-10-04",pricing,0.0,0.0
A-592832,Cybersecurity,US,"2024-09-25",organic,Basic,18,19,7480,0,1,1,38,1053,55,1,3,32.67,5.00,0,1,"2024-10-04",support,22.66,22.66
A-88c6ca,FinTech,DE,"2024-10-25",ads,Basic,5,7,1990,2,0,0,27,446,19,1,1,56.00,,0,0,,,0.0,0.0
A-526d93,HealthTech,FR,"2024-04-14",organic,Basic,43,9,83013,2,1,0,28,565,45,1,5,51.40,3.50,1,1,"2024-07-10",features,34.4,41.170002
A-ba6516,FinTech,US,"2023-10-29",ads,Pro,27,13,110172,4,1,1,31,642,32,1,6,31.50,4.00,0,1,"2024-03-17",budget,0.0,0.0
A-f9cc74,DevTools,FR,"2024-10-12",partner,Enterprise,30,10,27960,2,1,0,30,484,22,1,6,49.83,4.00,0,0,,,0.0,0.0
A-4814a3,Cybersecurity,IN,"2024-09-17",event,Basic,87,11,23229,2,1,1,35,587,45,1,4,18.75,4.00,1,1,"2024-11-25",pricing,0.0,0.0
A-acb7f7,EdTech,US,"2024-01-06",ads,Basic,32,12,141357,2,1,1,33,612,36,1,3,41.00,3.50,0,1,"2024-03-21",competitor,0.0,0.0
A-eafc6e,DevTools,US,"2023-07-06",partner,Pro,27,7,141807,0,0,0,23,300,15,1,1,64.00,,0,1,"2023-07-31",pricing,0.0,0.0
A-ad64c6,DevTools,UK,"2024-02-23",event,Pro,12,6,16852,4,0,0,16,215,18,1,4,34.00,5.00,0,1,"2024-07-03",support,19.08,19.08
A-66224b,HealthTech,US,"2024-10-18",other,Pro,92,12,61180,2,0,0,34,626,29,1,6,39.83,3.50,0,0,,,0.0,0.0
A-e2cd1b,DevTools,US,"2024-02-04",other,Enterprise,15,9,46502,10,1,0,29,465,18,1,5,37.80,4.00,0,0,,,0.0,0.0
A-59f724,HealthTech,US,"2023-11-03",other,Enterprise,3,12,83172,13,1,0,33,696,47,1,4,19.25,4.25,0,0,,,0.0,0.0
A-054577,EdTech,UK,"2024-04-28",ads,Basic,2,16,93865,8,1,1,36,833,52,1,1,46.00,4.00,0,0,,,0.0,0.0
A-1f0636,EdTech,AU,"2024-01-01",partner,Pro,105,11,510510,11,1,0,32,685,30,1,2,38.50,3.50,0,0,,,0.0,0.0
A-c37601,EdTech,US,"2024-10-31",partner,Basic,6,12,2272,1,0,0,28,489,21,1,4,42.25,3.67,0,1,"2024-12-17",support,0.0,0.0
A-cea1f0,FinTech,US,"2024-04-07",event,Pro,8,10,17910,8,1,1,28,586,28,1,5,42.20,4.33,0,0,,,0.0,0.0
A-7e0a10,FinTech,US,"2023-11-18",ads,Enterprise,46,10,172132,10,1,0,34,511,35,1,5,39.40,4.00,0,1,"2024-09-26",budget,0.0,0.0
A-67be94,EdTech,US,"2023-04-04",organic,Enterprise,26,7,112735,13,1,0,26,416,17,1,5,38.60,4.00,0,1,"2024-05-28",support,74.55,88.270004
A-e19ff6,Cybersecurity,UK,"2023-07-28",partner,Enterprise,1,12,14166,5,1,0,26,456,24,1,3,30.67,4.67,0,1,"2024-01-08",pricing,0.0,0.0
A-443b7c,Cybersecurity,US,"2024-09-06",other,Enterprise,1,16,59962,3,1,0,28,618,29,1,8,29.25,4.40,0,0,,,0.0,0.0
A-bd4513,DevTools,AU,"2024-11-06",event,Enterprise,50,12,0,1,1,0,28,507,34,1,3,42.00,4.67,0,1,"2024-12-07",features,0.0,35.14
A-9bfc9f,DevTools,CA,"2023-09-14",ads,Pro,53,9,102362,15,1,1,23,376,18,1,6,35.33,3.33,1,0,,,0.0,0.0
A-ed510f,Cybersecurity,IN,"2023-01-17",partner,Basic,42,10,292866,3,1,0,27,493,28,1,9,44.56,4.00,0,1,"2023-05-05",budget,0.0,0.0
A-49b828,FinTech,IN,"2023-05-05",ads,Pro,6,14,340488,19,1,0,29,687,45,1,3,13.67,3.50,1,0,,,0.0,0.0
A-89ee83,Cybersecurity,US,"2024-10-04",organic,Pro,1,11,22512,2,1,0,28,565,26,1,5,21.80,4.00,1,0,,,0.0,0.0
A-dec005,HealthTech,US,"2023-10-13",partner,Pro,21,10,119793,13,1,0,31,475,44,1,2,59.00,3.00,0,1,"2024-11-23",support,0.0,0.0
A-f19b24,Cybersecurity,US,"2023-01-10",organic,Pro,29,3,14993,23,0,0,12,119,10,0,2,35.50,4.00,1,0,,,0.0,0.0
A-86902e,HealthTech,IN,"2023-05-02",other,Enterprise,34,10,241241,19,1,0,32,628,36,1,9,40.89,3.50,0,1,"2024-12-07",features,0.0,0.0
A-c45b23,FinTech,UK,"2023-12-08",partner,Basic,5,12,16337,3,0,0,32,581,30,1,3,36.67,3.00,0,1,"2024-03-24",support,0.0,0.0
A-600734,DevTools,US,"2023-11-14",organic,Pro,29,13,119865,13,1,0,33,660,30,1,7,52.57,3.67,1,0,,,0.0,0.0
